Symbol,Strategy,TotalReturn_%,rnorm100_%,SharpeDaily,SharpeAnnual,Calmar,MaxDrawdown_%,TimeDD_bars,VWR,SQN,WinRate_%,ProfitFactor,AvgTradePL,trades_total,Sortino
SPY,AdxBreakout,0.38853925329605793,0.015267321340429473,0.0068401932961184905,0.10858470228684432,0.07923280031786872,-0.1926894074067752,1999.0,0.7004449042024714,1.4110026103085782,0.5,1.9924411431048537,12.495391422787634,38,0.16561072388254405
SPY,AtrChannelReversion,-0.022655209200247762,-0.000883099889951025,-0.0022670161780214636,-0.03598776615122955,-0.0015834762921350409,-0.5576969445878595,6197.0,-0.05777797280801204,-0.0767517486449281,0.7,0.930982335760164,-2.240050701787621,10,0.030985016463959132
SPY,AtrTrailingTrend,-0.41101895075649164,-0.015900819856046883,-0.007967266803075398,-0.12647643953902876,-0.022105364171059905,-0.7193195159781198,6419.0,-0.6464882882367803,-1.1771218498387575,0.32167832167832167,0.8157308317181698,-1.4916567566072376,286,-0.059737873225726365
SPY,BollingerBreakout,-0.22232037488564174,-0.008632400353856632,-0.017651450486210737,-0.2802080895965026,-0.025695592498414573,-0.3359486789179605,5704.0,-0.4191837849859401,-1.16389329713331,0.3783783783783784,0.7588409625977791,-1.9248681654131083,111,-0.07895110729865867
SPY,BuyAndHold,1.4853312980354436,0.059634230713176646,0.022089881173120128,0.3506659924502616,0.1100454339502753,-0.5419055436695605,1804.0,2.1304709807724382,0.0,,,,1,0.515815916314918
SPY,DonchianTurtle,0.6012742681520842,0.023725087770804076,0.011596285946291704,0.184085332475287,0.06023125072213679,-0.3938999686434271,3349.0,0.999079855959488,1.3937080638832386,0.48148148148148145,1.5208490630932232,8.206156595385025,81,0.28211408788094533
SPY,EmaCross,0.6402212128247088,0.025281125692869597,0.01239003717305785,0.19668574256854093,0.08494146176676089,-0.29762998148405484,2733.0,1.0513288369277745,1.4148640281256688,0.41836734693877553,1.5018048429723747,7.446192350818222,98,0.3044943813296871
SPY,GoldenCross,1.466310371673578,0.05884852453358924,0.02865154345282085,0.4548291519259491,0.17997155028965828,-0.32698792914143643,744.0,2.106311056837267,2.6062927297562863,0.6666666666666666,10.615862166239703,299.5588224245682,12,0.5336497157791174
SPY,IchimokuTrend,0.28367659253998284,0.011124013716380571,0.0030764833728462847,0.04883765950305883,0.04156184584431826,-0.26764965536056157,4478.0,0.5414480179597999,1.250361687950989,0.4032258064516129,1.5172692894053215,5.290377017699222,62,0.14708622851033354
SPY,KeltnerBreakout,0.20504853612739932,0.008028377710148634,0.0005917978777138444,0.009394500065079877,0.02974997684414847,-0.26986164568150706,4281.0,0.4136109407317834,0.5583851839655544,0.4306569343065693,1.1313482806831494,1.125913642296719,137,0.1201108125206801
SPY,MacdSignal,0.3497726902426399,0.0137336120271563,0.005569997024472134,0.0884209615807381,0.042267060973253924,-0.32492469812005054,3673.0,0.642702406400868,0.8581583087675605,0.40875912408759124,1.1553238960693704,1.4891100823458567,274,0.17303385640205737
SPY,MaEnvelope,0.37462155017482446,0.014716432834118024,0.006107538357994971,0.09695416570825484,0.03580412673156505,-0.41102616311387263,4398.0,0.679926786493215,0.6617279546127861,0.4090909090909091,1.2513645038718695,5.047981921904756,66,0.1991941934863186
SPY,MonthlyRotator,0.7836227357306124,0.031030826191198638,0.014986822296588164,0.23790842843934104,0.08010217197155473,-0.3873905716591314,1602.0,1.2399190853816555,1.0926939428692193,0.43478260869565216,2.033154320387148,53.188820434947395,23,0.3068231350823776
SPY,Rsi2,0.4667328027608813,0.018367932061715546,0.01070003253011901,0.16985775056997685,0.12320663318480268,-0.14908233093395817,819.0,0.813171071444488,2.1883684098396605,0.6923076923076923,1.6212821673829596,3.5193800410964045,169,0.1631875595150674
SPY,RsiStochCombo,0.5715058324187945,0.02253734912167864,0.010311303148493163,0.16368686294346138,0.06858402807978257,-0.3286092950892494,1551.0,0.9583807170656423,1.577407491715339,0.7307692307692307,1.603609548473056,7.412805491268916,104,0.1426923846172835
SPY,SmaCross,1.466310371673578,0.05884852453358924,0.02865154345282085,0.4548291519259491,0.17997155028965828,-0.32698792914143643,744.0,2.106311056837267,2.6062927297562863,0.6666666666666666,10.615862166239703,299.5588224245682,12,0.5336497157791174
SPY,TwelveMonthMomentum,1.3050257686937932,0.052209637665004284,0.025857886942883893,0.41048122968297013,0.1994131828148516,-0.26181638008094565,786.0,1.902360706739779,1.7441702347997339,0.35555555555555557,3.2015613584509404,49.68567681613309,45,0.5114561558266324
SPY,VwapReversion,0.05816865117647092,0.002270990166887904,-0.000544644917104071,-0.008645970020956567,0.004271510649496332,-0.5316597225751232,6197.0,0.13874492792625162,0.19576109146495957,0.75,1.178066382265515,4.991144413561565,12,0.04783239344180125
QQQ,AdxBreakout,-0.03632735655588192,-0.001415662718089899,0.0013743289711983,0.021816796064291714,-0.00214848187334634,-0.6589130379233556,6372.0,-0.0885700075478246,-0.07588594467322342,0.3488372093023256,0.9624209432204596,-0.8296613060491252,43,0.045348108311048047
QQQ,AtrChannelReversion,-0.7296379545399592,-0.028052849398794485,-0.008590694336774217,-0.13637304482685325,-0.035866064794488235,-0.7821557664476628,6360.0,-0.8741751348817456,-0.9600321966585644,0.8,0.11607733171320485,-103.58330107207973,5,-0.05770155855608045
QQQ,AtrTrailingTrend,-0.5708654130383055,-0.022016187728700218,-0.0022046902782659147,-0.03499837316528041,-0.024056236610231086,-0.9151966737530658,6372.0,-0.7821290635790205,-0.7433066725718107,0.3230769230769231,0.7617997577591324,-2.0479449592281913,260,0.011233537516211806
QQQ,BollingerBreakout,-0.2644813347484795,-0.010261028072033914,-0.00884540419537133,-0.14041643848079957,-0.020014614151130032,-0.5126767867995383,6418.0,-0.47693603964304576,-1.0292492596526337,0.4098360655737705,0.7705776953507657,-2.324623199170593,122,-0.03123209235452206
QQQ,BuyAndHold,1.4034252173243975,0.056255043102973155,0.019615985728113797,0.3113941197478883,0.06325214539978823,-0.8893776289706926,5008.0,2.026403853792909,0.0,,,,1,0.391054110391256
QQQ,DonchianTurtle,0.4283277465963514,0.016843873945441238,0.008972345680797232,0.14243157208976398,0.022410376937237336,-0.7516104701234751,6118.0,0.7578742963562194,0.6078250406248659,0.5128205128205128,1.2429390911104774,4.612378872737167,78,0.15099546630859143
QQQ,EmaCross,1.2498362722915748,0.04994746877655326,0.02168595488688277,0.3442538614419459,0.1673289655752748,-0.2984986407155182,1266.0,1.8326984191646882,1.7054885821434522,0.44554455445544555,1.6945762067757535,20.815201073783292,101,0.4336789856621491
QQQ,GoldenCross,2.319396891349147,0.09466679269014094,0.03788140838789063,0.6013487154434088,0.34322812038939915,-0.27581304405577134,931.0,3.2223663592235248,2.3468210445260076,0.5882352941176471,19.01716801867513,560.3818683518766,17,0.7136224215337144
QQQ,IchimokuTrend,0.5760557494173124,0.022718798201919074,0.011756312765208448,0.18662567947101383,0.08140152088491415,-0.27909550036588404,2035.0,0.9648362397811239,1.4946460825062473,0.38235294117647056,1.7156926211964094,11.455995914439129,68,0.20815637506500004
QQQ,KeltnerBreakout,0.5820388176783174,0.02295744985661455,0.010736430955556235,0.17043555766090418,0.04642883280717928,-0.4944653670695906,5119.0,0.9729693855372858,1.1272809305343923,0.46715328467153283,1.3181275298615422,4.248228029036879,137,0.20286369657917866
QQQ,MacdSignal,-0.3383373963484652,-0.013107553910360656,-0.00398949666754495,-0.0633312962318692,-0.016731127352834763,-0.7834232346656447,6372.0,-0.5677501549973508,-0.7501028820634736,0.42292490118577075,0.8587772095806351,-1.1507342679004549,253,-0.0013524145357414468
QQQ,MaEnvelope,0.8851302737624399,0.03512026199639607,0.015239382903590287,0.24191770378193586,0.051950046409633806,-0.6760390880013389,5006.0,1.3706266610714848,1.4418733675025275,0.5147058823529411,1.724189423995966,16.96038985967622,68,0.2303600558279031
QQQ,MonthlyRotator,1.5820537889605915,0.06363862059966367,0.027364415414114947,0.4343966277504643,0.23311623693077915,-0.27299093978837835,922.0,2.253669555801967,1.7053179370087779,0.5238095238095238,4.732472531892668,180.63507083680966,21,0.5099253553234009
QQQ,Rsi2,0.7741152958569635,0.03064862827311339,0.018721370761444856,0.29719254742211415,0.2286516235084657,-0.13404072012626073,1395.0,1.2275133710880186,2.444528278228452,0.7043010752688172,1.632321466215482,6.28318626101075,186,0.23691185754370023
QQQ,RsiStochCombo,0.5932868157497777,0.023406258945103,0.010198170389941025,0.16189093607787933,0.05308504064207159,-0.44092005322028127,2956.0,0.9877296267808193,1.5669843029935362,0.6857142857142857,1.5532725274137262,7.713595695281113,105,0.14325385684056832
QQQ,SmaCross,2.319396891349147,0.09466679269014094,0.03788140838789063,0.6013487154434088,0.34322812038939915,-0.27581304405577134,931.0,3.2223663592235248,2.3468210445260076,0.5882352941176471,19.01716801867513,560.3818683518766,17,0.7136224215337144
QQQ,TwelveMonthMomentum,2.0132424270370675,0.08167508774364968,0.03255648969578073,0.5168182517776363,0.2562105089584502,-0.31878117753903285,1072.0,2.8125957159118635,2.018540017625089,0.4716981132075472,4.7411312798402365,100.3393591369877,53,0.6379432019345108
QQQ,VwapReversion,-0.6524077939132605,-0.02512116419004254,-0.007481542925502413,-0.11876581202360414,-0.03211785333263729,-0.7821557664476628,6360.0,-0.8351864366380977,-0.8516375492954859,0.875,0.18213784786959852,-59.901211227970954,8,-0.04488021033455404
MTUM,AdxBreakout,0.29969722829535894,0.024848287440857767,0.01392463907991268,0.22104679261068125,0.13767607981866564,-0.1804836938528876,967.0,1.1970418498104385,0.811632728323832,0.3888888888888889,1.7716159368152644,19.413898354934375,18,0.23646016469387732
MTUM,AtrChannelReversion,0.24658848250527662,0.020400392399351416,0.01525513805805894,0.24216780910548463,0.21887176238428152,-0.09320705502217169,1329.0,1.0178925512555563,2.359971798811408,0.8333333333333334,10.487428600748439,46.60873417652264,6,0.07934807903681071
MTUM,AtrTrailingTrend,0.21737644127489134,0.017962097862757768,0.007913311567765117,0.1256199267316629,0.03728268468952404,-0.48178123470289924,1218.0,0.914847891384739,0.10070187135360228,0.3157894736842105,1.0288780053290716,0.5172720403465858,133,0.232635582172483
MTUM,BollingerBreakout,0.11460982833083082,0.009430499843662581,0.0018515476634397335,0.029392407948265527,0.05018302544041359,-0.1879221063476969,1218.0,0.5317985065933067,0.554979062505851,0.4230769230769231,1.2413698059645732,2.537198614459461,52,0.11972806981601086
MTUM,BuyAndHold,1.491806982746331,0.12995288536582375,0.042629420731595424,0.6767210747432558,0.3868781399419728,-0.3359013393346938,654.0,4.638449798603979,0.0,,,,1,0.904244616818219
MTUM,DonchianTurtle,0.5358079460618591,0.04485860886718516,0.02239150874304724,0.3554541816817889,0.17024083706494053,-0.26350087112220477,1079.0,1.932324088716586,0.8789900453310026,0.4444444444444444,1.6099373630287763,14.538951912866974,36,0.45273716739176184
MTUM,EmaCross,0.6602376531679931,0.05556071799630616,0.02750793552667303,0.4366749389062524,0.26481000928768555,-0.20981351175417934,877.0,2.2958576582729506,1.1685902796816943,0.37777777777777777,1.850577292832194,16.108894181809987,45,0.545015196465875
MTUM,GoldenCross,0.6980824618672952,0.05883741120745368,0.024107485034530803,0.3826944608194792,0.179826057529634,-0.32719068646521215,572.0,2.4048522299435953,1.435806298158855,0.42857142857142855,4.089093293883298,158.79494832408514,7,0.41798655755042513
MTUM,IchimokuTrend,0.24544277762127661,0.02030465182004835,0.01078033833719092,0.17113256573605648,0.11331029214570003,-0.17919512372220886,1509.0,1.0138505886034288,0.8597100270333246,0.36666666666666664,1.7202718231651961,9.272904686314877,30,0.21137595070250859
MTUM,KeltnerBreakout,0.22152386901271467,0.018307923543159906,0.008741458578125522,0.13876635296215448,0.10443986571803227,-0.17529631446087657,881.0,0.9306892325160926,0.4921857502215687,0.42105263157894735,1.1743282478998283,1.8744774458005204,76,0.22044537887327162
MTUM,MacdSignal,0.1397986620777488,0.011515017414908785,0.0043126021168935075,0.06846043622922555,0.04813360814781316,-0.23923029787310768,2663.0,0.6298556517779865,0.36543895226759077,0.4,1.0939760332152748,1.154170987948321,130,0.14849466457388666
MTUM,MaEnvelope,0.42089920778500634,0.035071786602159226,0.01681346471018644,0.26690547780308405,0.11695962561961366,-0.29986233639480653,1218.0,1.58373253132183,0.6452869325760996,0.3125,1.399582548945746,10.898686279207608,32,0.3625233448909107
MTUM,MonthlyRotator,0.9030827338749405,0.07676440909664735,0.0301945086683683,0.47932296537771946,0.23445014266771935,-0.32742317075679384,581.0,2.9844042788639604,1.033747280215092,0.4444444444444444,2.7675582009807,78.50411836235904,9,0.5389552651250118
MTUM,Rsi2,0.40286483455889127,0.03354413652432358,0.021049986961843795,0.3341581836131446,0.31694548077965806,-0.10583566751546022,732.0,1.5279918134402772,2.019488645406921,0.7159090909090909,1.857192906651454,5.637552913073392,88,0.24214056588221938
MTUM,RsiStochCombo,0.4645659047994149,0.03878005068338493,0.01975380011116345,0.3135818552557113,0.1358723966819199,-0.2854152250966017,772.0,1.7179097605943898,2.076247320212627,0.7857142857142857,2.430488128154698,14.079125074886592,42,0.1845543053713307
MTUM,SmaCross,0.6980824618672952,0.05883741120745368,0.024107485034530803,0.3826944608194792,0.179826057529634,-0.32719068646521215,572.0,2.4048522299435953,1.435806298158855,0.42857142857142855,4.089093293883298,158.79494832408514,7,0.41798655755042513
MTUM,TwelveMonthMomentum,0.9825840475058693,0.08379808985871078,0.03418055264955867,0.5425994519128927,0.323149497857431,-0.25931678809441105,656.0,3.2066887834803897,1.5133339479006351,0.5925925925925926,3.5403986013900655,47.82090318318296,27,0.6431619783550527
MTUM,VwapReversion,0.16790599228878184,0.013846139020379589,0.016770417316183294,0.26622212160835357,0.8677748474205982,-0.01595591190679967,2360.0,0.7372002379479947,4.410054046599636,1.0,,45.706352677858845,4,0.29846074413899387
EEM,AdxBreakout,0.5720645694165053,0.026091274053896118,0.013125615571589155,0.20836268764237087,0.08610721667329319,-0.3030091444354922,3691.0,1.1088166740526197,0.9499252722384456,0.39285714285714285,1.6084719070225941,27.568626166977,28,0.2255445298178348
EEM,AtrChannelReversion,1.1342258223899155,0.05239394811051894,0.01858675889918192,0.29505565035571213,0.09299504655725223,-0.5634057947189983,1801.0,1.9533813792986605,3.95255493387172,0.88,23.534818691369797,84.35063496436052,25,0.350240402260498
EEM,AtrTrailingTrend,-2.3312061995725855,-0.09963992093735394,-0.014838516390682208,-0.23555414516940523,-0.10587343176860484,-0.9411229925476039,5119.0,0.5150719962594322,-0.8921604320661702,0.3146853146853147,0.6532983540706636,-3.1730696088693993,286,-0.15004639477744855
EEM,BollingerBreakout,-0.022062453231200305,-0.0009928493418104405,-0.0032793338976184233,-0.05205781175425499,-0.00207572447377133,-0.4783146098415259,4463.0,-0.06549462157605335,-0.03955013513244576,0.3854166666666667,0.9896811047019557,-0.22730059692325966,96,0.03261694989833239
EEM,BuyAndHold,-0.6988772094286927,-0.03097641841604654,0.005004379689007118,0.07944206473953354,-0.03445370274321428,-0.8990737119582134,5119.0,-0.9895453998153274,0.0,,,,1,0.10352377214287764
EEM,DonchianTurtle,-0.07878736318628017,-0.003541047351641706,0.004465457935391144,0.0708869471223894,-0.005387052137833241,-0.6573256135341531,5119.0,-0.20454412685427195,-0.09872186013512882,0.38571428571428573,0.9505041883460792,-1.834138917325183,70,0.0838277946747593
EEM,EmaCross,-0.8029688990184075,-0.03550725444111007,-0.005958553171954392,-0.09458909920047845,-0.05168872364086338,-0.6869439200669141,5119.0,-1.0389167803602555,-0.8098852005032315,0.29292929292929293,0.6607927048041722,-6.050868643220709,99,-0.030256839644545258
EEM,GoldenCross,-0.6373332182555399,-0.02828756527276694,-0.002737548515401537,-0.043457235442359236,-0.040021928774616924,-0.7068016494674225,5119.0,-0.9521013968304453,-0.7598723565114581,0.35,0.5757649276446172,-25.893348203661496,20,0.0029111345480486747
EEM,IchimokuTrend,0.5715041742172792,0.026065384762992125,0.013759537590036439,0.21842588771088856,0.1341069296511433,-0.1943626987121162,1186.0,1.1081040179427155,1.163605936743749,0.359375,1.5249724171244037,12.045763039572746,64,0.24261842557559618
EEM,KeltnerBreakout,-0.7902461987070336,-0.03495460734715429,-0.007931713240793262,-0.12591204423490288,-0.050520308580861456,-0.6918921979901781,5119.0,-1.0342920282823793,-0.6149327197223576,0.3953488372093023,0.7034193268262227,-4.289855520692874,129,-0.037033919640644376
EEM,MacdSignal,-2.523354225690617,-0.10739560557240412,-0.01728673213771499,-0.274418365304291,-0.11294670816807607,-0.9508520196320254,5119.0,1.02658187456801,-1.0621173576616993,0.37280701754385964,0.5311937853291737,-4.034253600076512,228,-0.15100920044203645
EEM,MaEnvelope,0.12240243118959587,0.005526275594185693,0.00727822946661447,0.11553831092114503,0.008340675211860195,-0.6625693308771323,5119.0,0.30580283793436064,0.05291772512585514,0.42857142857142855,1.0256684004885201,1.0983464175238695,63,0.1133231459966505
EEM,MonthlyRotator,-0.4199608304148991,-0.018730725082983724,-0.0008096091759806273,-0.012852147232804007,-0.027620562363290177,-0.6781442331484995,5119.0,-0.7555446963451629,-0.6356048184220945,0.4,0.48879297163121443,-19.67024584726898,20,0.021400559489639513
EEM,Rsi2,0.15633666118986345,0.00706375203346368,0.00036883078588629826,0.005855007211917942,0.028101052136691757,-0.2513696639934875,3313.0,0.38004545369200016,0.5033264558204775,0.6341463414634146,1.1377785184987996,1.3757704695561177,123,0.06856573266387161
EEM,RsiStochCombo,-0.06670471811933026,-0.002998815779807851,0.004973506252694859,0.07895196413193217,-0.00405388127970061,-0.739739418325867,4301.0,-0.17610989365248578,-0.06805773334433651,0.7281553398058253,0.9611147952568461,-0.626491375639627,103,0.05360676917059319
EEM,SmaCross,-0.6373332182555399,-0.02828756527276694,-0.002737548515401537,-0.043457235442359236,-0.040021928774616924,-0.7068016494674225,5119.0,-0.9521013968304453,-0.7598723565114581,0.35,0.5757649276446172,-25.893348203661496,20,0.0029111345480486747
EEM,TwelveMonthMomentum,-0.4818632995588492,-0.021461817116436608,-0.0008936758974408817,-0.014186665063926225,-0.03214054631394487,-0.6677489830695545,5119.0,-0.8216836563240607,-0.7236855969363221,0.375,0.5778537394363853,-6.459153169807121,72,0.023483226876884193
EEM,VwapReversion,1.0294171906442533,0.04743948806432916,0.01728692942097097,0.2744214970788899,0.08420127820657197,-0.5634057947189984,1799.0,1.7993413150247406,3.607024922715021,0.8695652173913043,24.448569270200473,78.23625317159166,23,0.32781591954541184
TLT,AdxBreakout,-0.21002329325797348,-0.009119641496977278,-0.01577056505402827,-0.2503499590075483,-0.029580191546115093,-0.30830231382240675,3462.0,-0.4487635991208803,-0.9994118141351702,0.3548387096774194,0.6630588316355602,-6.110794676060112,31,-0.0648841289619166
TLT,AtrChannelReversion,0.018670873479545408,0.000814778716995092,-0.005972239431916901,-0.09480636184191472,0.0026226685979043947,-0.3106678127942391,2082.0,0.05518609795053434,5.892803707526924,0.8947368421052632,63.114975271704466,22.54311468600374,19,0.03629231849866159
TLT,AtrTrailingTrend,-0.44879498898347203,-0.01938661634503562,-0.01430020216663925,-0.227008671785247,-0.04028232063655533,-0.4812686071378591,4163.0,-0.763970755776468,-0.7779012759969226,0.33557046979865773,0.8598789281798587,-1.2084476769297148,298,-0.16768212279448974
TLT,BollingerBreakout,0.08684850073952134,0.0037956259577910717,-0.002876303000564064,-0.045659894608568334,0.017297426523419476,-0.21943298632614894,1948.0,0.2222794673871887,0.27975449805854485,0.38235294117647056,1.0853007358012765,0.8895237470250372,102,0.07163255117102849
TLT,BuyAndHold,0.04114337397160744,0.0017963371618760625,0.0006778126035853746,0.010759941507552651,0.0035659835770722567,-0.5037424102078706,1239.0,0.11253052644234118,0.0,,,,1,0.12344302784852061
TLT,DonchianTurtle,0.0433078918664316,0.0018909302265768804,-0.0022455407568906256,-0.03564685440955408,0.005540059246302436,-0.34131949542578105,1342.0,0.1193396362147957,0.14543142640792064,0.39436619718309857,1.0465883567389054,0.8010912721439265,71,0.07000004654708633
TLT,EmaCross,-0.07806578688502352,-0.0033995361772313705,-0.005223543045542244,-0.0829211751668743,-0.014239649480924155,-0.23873734966478544,1389.0,-0.1991791065591412,-0.16950110994493323,0.2882882882882883,0.9527661831610229,-0.5520963894290389,111,0.017714848292971378
TLT,GoldenCross,0.1795574479489963,0.00786327597001482,0.0018352741950537488,0.029134074646358803,0.031941922907045714,-0.24617415779562685,1279.0,0.41372373181742333,0.5150272443812661,0.375,1.5062739027224383,12.292978083991756,16,0.1329974121880186
TLT,IchimokuTrend,-0.21534929030422983,-0.009349822705630555,-0.023777985297950083,-0.37746381465915596,-0.035592836666047484,-0.2626883266808988,4163.0,-0.45760114169086197,-1.1002810292473577,0.3333333333333333,0.6117231991365553,-4.305338394064188,45,-0.09942869768229634
TLT,KeltnerBreakout,-0.18460503857465033,-0.008020367614188346,-0.011676910742632992,-0.18536521143903265,-0.03207225151101605,-0.2500718607620529,2084.0,-0.40594384279991136,-0.5022814817993388,0.35714285714285715,0.8736732405826615,-1.3378364855786857,126,-0.05089927911832293
TLT,MacdSignal,-0.44562401165533005,-0.019250966543387052,-0.015467126126625258,-0.24553301536752098,-0.04099948164196241,-0.4695417057098583,4125.0,-0.760598071922067,-0.8485511941128344,0.35398230088495575,0.8370016997012347,-1.5910419515284697,226,-0.1680389425943562
TLT,MaEnvelope,0.040171878284733065,0.0017538840737407872,-0.002091285266651975,-0.03319812441632715,0.007752102907668307,-0.22624623210378975,2231.0,0.11144183249623246,0.12607281613710727,0.425531914893617,1.049953297022905,0.872120900803391,47,0.07074744807121756
TLT,MonthlyRotator,-0.08888351161097631,-0.0038697038013043973,-0.006622300537444517,-0.10512576197524545,-0.011749642778608443,-0.32934650646142466,4163.0,-0.2227522336987194,-0.2883345436842025,0.3333333333333333,0.8149853345194444,-4.7248806295120325,18,0.003082435176803192
TLT,Rsi2,0.025368841180117386,0.0011072332641425227,-0.01176065739152701,-0.18669464827568433,0.0069439483650484335,-0.15945298062924174,3254.0,0.07431809017011637,0.1423198736473866,0.5673076923076923,1.041200993186251,0.24705162226866767,104,0.024792733035424414
TLT,RsiStochCombo,-0.006441511574456499,-0.00028094735687247843,-0.007957765069542627,-0.12632560419531846,-0.0011487632602942331,-0.24456506103835468,2528.0,-0.019796392909523175,-0.02123047869917996,0.6456692913385826,0.9939744893745011,-0.05055755522426063,127,0.02095660477157165
TLT,SmaCross,0.1795574479489963,0.00786327597001482,0.0018352741950537488,0.029134074646358803,0.031941922907045714,-0.24617415779562685,1279.0,0.41372373181742333,0.5150272443812661,0.375,1.5062739027224383,12.292978083991756,16,0.1329974121880186
TLT,TwelveMonthMomentum,-0.4266874200146568,-0.018440495953084,-0.013905401412302091,-0.220741404104866,-0.040173388135447505,-0.4590226716977548,4163.0,-0.7403711625144455,-1.5197884696105715,0.3300970873786408,0.6276552324842825,-3.3721598917116835,103,-0.1347363401403695
TLT,VwapReversion,0.01542805843149262,0.0006732178067937743,-0.006451429974168584,-0.10241327587438759,0.002298152179696744,-0.2929387412815324,2095.0,0.046115680004060716,6.861391259412408,0.9285714285714286,,25.111229768975875,14,0.03379053633988647
GLD,AdxBreakout,-0.07852838399790339,-0.003803484497875112,-0.00511441837182306,-0.08118887467550215,-0.009337939390877773,-0.4073151836464835,4357.0,-0.22259388902054483,-0.20449280094820113,0.35135135135135137,0.9099070728655841,-2.041194074609963,37,0.010975351337184958
GLD,AtrChannelReversion,0.3112788555127712,0.015220049367202098,0.009693579697980051,0.15388080716903893,0.12513722542179878,-0.12162687254651867,233.0,0.7281440695586728,10.676117891324672,1.0,,28.089988711728342,13,0.21712640883581957
GLD,AtrTrailingTrend,0.0869851448268009,0.004230037672898172,0.001532719224771631,0.024331163390600676,0.00812461335093316,-0.520644797504404,3491.0,0.2462610033744778,0.10076488187744269,0.2979591836734694,1.0209164351468547,0.3349119958857823,245,0.1129815523363926
GLD,BollingerBreakout,0.54811669125108,0.026955277880732608,0.013888148808372828,0.22046752750807527,0.11260453572428125,-0.23938003657982457,2190.0,1.1556378231423112,1.3270966835916964,0.425531914893617,1.4546797807378444,7.765870629381458,94,0.23863828793700512
GLD,BuyAndHold,1.8967432842675818,0.09641196860499178,0.03547497768532444,0.5631478123256054,0.2141394774785392,-0.450229774258481,2247.0,3.338737900340736,0.0,,,,1,0.843727851131851
GLD,DonchianTurtle,0.601722740471944,0.029630208641709656,0.013449421563967756,0.2135029484155684,0.10054103024146141,-0.29470762902020337,3309.0,1.2469062073505204,1.1945902143490268,0.44776119402985076,1.483689213393804,12.317321546563045,67,0.29208629904140737
GLD,EmaCross,1.1840932590516036,0.05914325515668944,0.027382615328542203,0.43468554243520735,0.1610720093553356,-0.36718518253668436,3204.0,2.1891594559024514,2.0236646923229458,0.4069767441860465,2.0563776080431975,26.36886627830821,86,0.5312125935305808
GLD,GoldenCross,1.1652670906402223,0.05817609032256846,0.027498672762407063,0.4365278970820478,0.16276246864735283,-0.3574293926974954,2247.0,2.15955162326438,0.8963563479369931,0.23076923076923078,2.3112728227730384,82.24521419981896,13,0.5505793585762351
GLD,IchimokuTrend,0.6188475667554713,0.030486201485103007,0.01784870856028523,0.28333946444510655,0.11767675076531116,-0.25906732882099387,3178.0,1.275978809803861,1.7999422742176778,0.45098039215686275,2.101016570456633,16.799744810216694,51,0.24833312991978793
GLD,KeltnerBreakout,0.5132079363181364,0.02521707561918091,0.012336936276359846,0.19584279196619625,0.10421388818372926,-0.2419742325967453,2971.0,1.0953157730406555,1.241772339352289,0.39285714285714285,1.3769005488633548,5.987874293355191,112,0.23057978146522493
GLD,MacdSignal,0.807400215072442,0.03995828283652222,0.019025596099115964,0.30202197493812855,0.12601341109238948,-0.31709547809340655,3378.0,1.5867125315995183,1.2519013619307962,0.39903846153846156,1.2731715256035874,5.971497593592559,208,0.40329512869487943
GLD,MaEnvelope,0.9053361129974398,0.04491247047874438,0.020667379601455562,0.3280844800609238,0.1158912492470796,-0.38753979071354394,3284.0,1.7450356241194112,1.2771330762255506,0.44680851063829785,1.6859127796874638,22.165141733427184,47,0.4178559670959845
GLD,MonthlyRotator,1.2216634180316281,0.061076006174346074,0.028289273783966288,0.4490782992179638,0.17515754601028174,-0.34869183523935027,3386.0,2.2488056055623264,0.8236675844781439,0.2631578947368421,1.9518060325253377,62.953834740899296,19,0.5331174168458241
GLD,Rsi2,0.37093532628088244,0.018163310135316316,0.010126751151725732,0.16075719081901926,0.10247018359787866,-0.17725458760368937,2096.0,0.8407189953233797,1.7251409841986112,0.6904761904761905,1.5308675614164626,3.564201209192711,126,0.17057218412377181
GLD,RsiStochCombo,0.4155816131420972,0.020371597312361187,0.01085978650778612,0.1723937663451401,0.0826183311868158,-0.24657478576149308,3129.0,0.9223598569364088,1.49809973595099,0.7021276595744681,1.5662879918511143,5.4814018596012115,94,0.18170393615765784
GLD,SmaCross,1.1652670906402223,0.05817609032256846,0.027498672762407063,0.4365278970820478,0.16276246864735283,-0.3574293926974954,2247.0,2.15955162326438,0.8963563479369931,0.23076923076923078,2.3112728227730384,82.24521419981896,13,0.5505793585762351
GLD,TwelveMonthMomentum,1.1602461415156518,0.05791829616162096,0.024996573322014458,0.39680829983305155,0.15042541538585,-0.38502998986612164,2249.0,2.151250650005863,0.9229273816741979,0.3220338983050847,1.8930090359328624,15.999727342896218,59,0.5024869352073956
GLD,VwapReversion,0.4130389895189039,0.020245705969960903,0.018132294951388562,0.2878412588414769,0.16575179034507428,-0.12214471969088177,222.0,0.9179339191214481,6.606919768407625,1.0,,39.3387656690945,13,0.28405964006387563
IEF,AdxBreakout,-0.029971330363807173,-0.001306532837482568,-0.02007135333565281,-0.3186228564158644,-0.010040049850743313,-0.13013210660361801,3080.0,-0.08625391853922935,-0.3207643472276427,0.3333333333333333,0.8698194597293475,-0.8947467797657118,33,-0.016632885071598276
IEF,AtrChannelReversion,0.019452927695082098,0.0008489212825740209,-0.014371100315698198,-0.22813414501019558,0.005096567078984602,-0.16656727350347228,827.0,0.05827153362013673,5.8250842862723085,0.8235294117647058,29.1260215532235,9.615311326321685,17,0.03533974796474799
IEF,AtrTrailingTrend,-0.4414413481549349,-0.01907200957732554,-0.034115430186292185,-0.5415656648574904,-0.04967626545783378,-0.38392599366218955,5731.0,-0.7563981662942891,-1.936696446100038,0.2837370242214533,0.7154780976155142,-1.2276285487324037,289,-0.43593554629927883
IEF,BollingerBreakout,-0.2314972382886896,-0.010047384824910754,-0.033922171681017625,-0.538497781195263,-0.037527781854922386,-0.26773191295325316,4164.0,-0.4834556099078188,-1.542779317934934,0.2894736842105263,0.683798692762729,-1.8127641535996066,114,-0.20965869636353016
IEF,BuyAndHold,0.1277718530093747,0.005589130031815789,-0.0020831977357685426,-0.03306973884369845,0.020935070231055477,-0.26697450594289235,1239.0,0.31020050396057625,0.0,,,,1,0.17695539322267315
IEF,DonchianTurtle,0.029521714055293146,0.0012886038045843956,-0.01010034102868268,-0.16033794311302008,0.01017020725312499,-0.1267037900519134,2124.0,0.08523071977228376,0.1920665585528767,0.3108108108108108,1.060402197286902,0.4977852177799271,74,0.055388019085656666
IEF,EmaCross,-0.17039626200803523,-0.007405343407783361,-0.02168407544093339,-0.3442240261624381,-0.04117381831793091,-0.1798556391005977,3469.0,-0.3813240789914901,-0.8639575488869683,0.26126126126126126,0.7975126174494797,-1.4146756998844998,111,-0.14908217492753653
IEF,GoldenCross,-0.07436991704198363,-0.0032388528059127493,-0.016543631949307913,-0.26262201551790876,-0.019526926954122184,-0.16586597642948725,4014.0,-0.19186599363463275,-0.3607933869007701,0.21052631578947367,0.7982835039859406,-3.6838890881179247,19,-0.04879320898014145
IEF,IchimokuTrend,-0.20819945260852468,-0.009040805682291996,-0.043518122527743786,-0.6908287783970857,-0.0411391887537556,-0.21976139919547297,3469.0,-0.4459810817281241,-2.0589992387772296,0.19298245614035087,0.4915497457366134,-3.297455156946063,57,-0.20678196519871703
IEF,KeltnerBreakout,-0.20986181104881788,-0.00911266165476842,-0.02993167076168367,-0.4751505429604695,-0.04037395898949975,-0.2257064177713757,5479.0,-0.44867629669473114,-1.2743900384714253,0.29457364341085274,0.7403180851352373,-1.4674707945978844,129,-0.18937238724403024
IEF,MacdSignal,-0.12940495016185788,-0.00562890456503384,-0.019331906212241377,-0.306884497238492,-0.025357915601748816,-0.22197820410150906,3492.0,-0.3055106272352774,-0.5441036260479737,0.36018957345971564,0.8984644855796273,-0.5752696826760606,211,-0.10969657435096256
IEF,MaEnvelope,-0.19288474696817864,-0.00837857748155403,-0.02274362859448741,-0.36104391103338707,-0.0410351942522963,-0.2041802807131873,4398.0,-0.42028677896541977,-0.998245705585556,0.28,0.608901428095722,-7.18344993584948,25,-0.16308089539298037
IEF,MonthlyRotator,0.04604651479621521,0.0020106254444409526,-0.010879234424279084,-0.17270249244849248,0.014731089622043097,-0.1364885759321104,2725.0,0.12738632195279045,0.26601734923898407,0.38095238095238093,1.1902789876495379,2.7585249826011045,21,0.0644728558941529
IEF,Rsi2,-0.12186875655350804,-0.005301963029055282,-0.05087025444297233,-0.8075402543201001,-0.03920853726554809,-0.13522470866858968,5543.0,-0.2909091722907439,-1.6341852403579276,0.4563106796116505,0.626778312916332,-1.1262354313876102,103,-0.14190282674981025
IEF,RsiStochCombo,-0.29427097395039753,-0.012754433612230314,-0.04316983877189715,-0.6852999451751633,-0.04834859809327194,-0.263801518869793,5690.0,-0.5766991784868098,-1.8918720591605842,0.56,0.5777789965612886,-2.039403453700346,125,-0.2728707305571654
IEF,SmaCross,-0.07436991704198363,-0.0032388528059127493,-0.016543631949307913,-0.26262201551790876,-0.019526926954122184,-0.16586597642948725,4014.0,-0.19186599363463275,-0.3607933869007701,0.21052631578947367,0.7982835039859406,-3.6838890881179247,19,-0.04879320898014145
IEF,TwelveMonthMomentum,0.040924173195458685,0.0017867582181046607,-0.008891449157323936,-0.14114737959152374,0.011192533434099523,-0.15963840792836653,1349.0,0.11447737147869773,0.25064525606931526,0.2857142857142857,1.1323468201334488,0.783283412145492,63,0.06797567576612869
IEF,VwapReversion,0.06603100221988806,0.0028845075074741444,-0.01116475843247228,-0.1772350455625979,0.017565110015771532,-0.16421801542285672,821.0,0.1752337340479443,5.430699894613362,0.8666666666666667,40.184133449919855,14.094269422429136,15,0.08158304349673336
MSFT,AdxBreakout,0.2525694653022523,0.009898171638600635,0.004131135293513512,0.06557973971399146,0.018745792409542324,-0.5280209778468521,3054.0,0.49151207564970595,0.25920972618550475,0.38636363636363635,1.1177493537204934,3.55829468600009,44,0.11091650622659543
MSFT,AtrChannelReversion,-0.48843545249756654,-0.01886736246924059,-0.000348452223095025,-0.005531507556582202,-0.024777641406616147,-0.7614672502364415,6351.0,-0.7182591166647921,-0.7541966700232767,0.75,0.4172686555876194,-48.301796566661,8,0.03187164229901012
MSFT,AtrTrailingTrend,0.10405849163032739,0.00406623611248848,0.0055434086946074225,0.08799888492914663,0.00491119388358185,-0.8279526748235152,6423.0,0.22949202701979793,-0.22290065029768283,0.3082706766917293,0.9568163409471196,-0.6218512548667552,266,0.15330965765005128
MSFT,BollingerBreakout,0.38843178436056575,0.015263066375040163,0.006680996128563864,0.10605752559819179,0.03972972589625069,-0.38417245603198447,5059.0,0.7000165929919847,0.4290305418734736,0.3360655737704918,1.113696380182507,2.251935813947774,122,0.13899982281346465
MSFT,BuyAndHold,1.6528125668974645,0.06657767308512315,0.021334494936512828,0.3386746076950781,0.07908945308054524,-0.8418021682021241,4837.0,2.343968882987019,0.0,,,,1,0.4555112621619408
MSFT,DonchianTurtle,0.8002374891650539,0.03169907753624917,0.013118906098382553,0.20825617805717336,0.052057045387770166,-0.608929632869565,4472.0,1.2613733863853882,0.87729853979181,0.44,1.3400269529730913,12.444152214394379,75,0.2601700039034911
MSFT,EmaCross,0.7035791497814794,0.027817505057945023,0.01181338126636004,0.1875316138414677,0.04278640132420478,-0.6501482760179769,4604.0,1.1354306588061047,0.6964043981242055,0.3611111111111111,1.2302039517515775,5.508301511465066,108,0.24426577380697737
MSFT,GoldenCross,0.6781098903677628,0.026797152506837632,0.012146678029952184,0.1928225359369527,0.03359150666686925,-0.7977359507148045,4800.0,1.1018715313228635,0.7054875074498271,0.42857142857142855,1.777985365247229,42.38872339777025,21,0.210125730673312
MSFT,IchimokuTrend,-0.08608249517629878,-0.0033513491785476584,-0.0055884000744235544,-0.08871310094195746,-0.009598760040524536,-0.3491439690542071,5691.0,-0.19373008413530465,-0.19994198046616243,0.36507936507936506,0.9338841623072349,-1.3092295675474304,63,0.008107238636881961
MSFT,KeltnerBreakout,0.6663319206871086,0.02632564464217879,0.011670672243813374,0.18526617834044617,0.07573339158980616,-0.3476094770027739,3377.0,1.0858488341251202,0.87763917474822,0.4,1.2576424837716051,5.7153787743491185,120,0.20148045489955166
MSFT,MacdSignal,0.5590808211844912,0.022042008043973174,0.009918322923995016,0.1574484952783308,0.04978368293307687,-0.44275567305062125,3519.0,0.940555283868687,0.5095454246762098,0.40562248995983935,1.0945725463840787,3.0082893917950724,249,0.21004092744082012
MSFT,MaEnvelope,0.3780259225390402,0.014851156585143233,0.007467880657346598,0.11854893024029195,0.021198171167953514,-0.7005866905912419,5431.0,0.6846645998579423,0.4045022762216902,0.3068181818181818,1.1389153662431046,2.980593029682012,88,0.17110795214626778
MSFT,MonthlyRotator,1.4682453513461553,0.058928427005601386,0.022757663887332927,0.3612667144000703,0.16087602039814797,-0.36629714521630335,3937.0,2.109133992161763,1.369242858071885,0.34782608695652173,4.541893179164353,136.4123622709438,23,0.3933295128320928
MSFT,Rsi2,0.94467507879504,0.03752668851952266,0.019825510034708203,0.3147202150011206,0.16287365449703362,-0.23040367477114676,943.0,1.44686195681651,3.5442758435073305,0.6688311688311688,2.193098017406021,10.207646446502169,154,0.21321553266681037
MSFT,RsiStochCombo,0.31102628802574794,0.012203015415778255,0.007450488711488727,0.1182728416589594,0.018472072781648294,-0.6606197127970259,5003.0,0.583006458034841,0.5813206479444014,0.6880733944954128,1.244883986924974,3.347019259375496,109,0.0852043211128401
MSFT,SmaCross,0.6781098903677628,0.026797152506837632,0.012146678029952184,0.1928225359369527,0.03359150666686925,-0.7977359507148045,4800.0,1.1018715313228635,0.7054875074498271,0.42857142857142855,1.777985365247229,42.38872339777025,21,0.210125730673312
MSFT,TwelveMonthMomentum,1.5217922639125772,0.06114197096349205,0.022257589711598903,0.35332828296360325,0.10689695713308575,-0.5719711075346218,4081.0,2.1772405784480293,1.1153394233291505,0.234375,3.881034207303857,46.86402967956388,64,0.4358259183078735
MSFT,VwapReversion,-0.6271609073475527,-0.02416086653211548,-0.0018806513749609472,-0.029854415045750107,-0.031487743530362676,-0.7673101919423947,6351.0,-0.8200153751485761,-0.9691371114358108,0.5,0.29068689132003345,-77.6489955045525,6,0.011573509353188977
AAPL,AdxBreakout,-0.7191555202576649,-0.027655450045451585,0.009108030012658226,0.14458549408323687,-0.029332919161904343,-0.9428127453938733,3333.0,-0.8686065949614636,-0.10464463816947758,0.43137254901960786,0.9311925531469152,-10.055618000171544,51,0.10022685660959806
AAPL,AtrChannelReversion,0.3467947819601178,0.013615893848470215,0.009594494958549029,0.1523078856935022,0.016431403367999083,-0.8286506966889874,5400.0,0.6368696400464543,0.5382768639267929,0.9,1.6430515524912492,41.45264092453275,10,0.12779755881556673
AAPL,AtrTrailingTrend,-0.25619722080918994,-0.009941233951508775,0.014788623472803937,0.23476211965206958,-0.011354001466380275,-0.8755709589209786,3333.0,-0.46139338535236457,-0.09166452020105932,0.3090909090909091,0.9760432993115835,-0.8898822012078802,275,0.2166069228990655
AAPL,BollingerBreakout,-0.3388375886434061,-0.013126804151482091,0.011779494338734741,0.1869936755423122,-0.015195306736773958,-0.863872271805747,2791.0,-0.5667388013032496,-0.10507369319310123,0.45161290322580644,0.9534324036226696,-2.390155787353144,124,0.11444724800291013
AAPL,BuyAndHold,0.9665296442628982,0.038411315377100526,0.024407737358438007,0.3874608186972453,0.04331926080214968,-0.8867029276546289,3219.0,1.4714649527611618,0.0,,,,1,0.3971174920874951
AAPL,DonchianTurtle,0.6051931498766953,0.02388155099515405,0.019784189877833855,0.31406427784577834,0.027196917753643877,-0.8780977025219842,3219.0,1.0016483895524264,0.09564688938898484,0.527027027027027,1.059781594936463,11.159923057085916,74,0.24736245491481829
AAPL,EmaCross,1.1110540410135108,0.04428037594744213,0.023357317980935436,0.3707859280260748,0.05171347495370333,-0.8562637878634978,3219.0,1.6553668615584596,0.12737798522992722,0.4375,1.0682327908211213,21.15240943236327,96,0.28739409845186437
AAPL,GoldenCross,-0.08537308629108573,-0.0033237765416733395,0.015051669878038562,0.2389378518811916,-0.0037911652019422403,-0.8767163562195985,2791.0,-0.18501082997821444,-0.01441257202980112,0.4666666666666667,0.9860132847748428,-5.455355734838763,15,0.19370639182380262
AAPL,IchimokuTrend,-0.09177050844498363,-0.0035723979497940756,0.010107754203545235,0.1604556236156906,-0.004314671224854371,-0.8279652755963234,2791.0,-0.2012728950569692,-0.039579581360215575,0.4142857142857143,0.9775653616890223,-1.5282319412332888,70,0.0861100732972707
AAPL,KeltnerBreakout,-0.9350664301640983,-0.03580814661086576,0.006848757877013881,0.10872066079364051,-0.04144228736953652,-0.8640485089919936,2791.0,-0.9296850056577961,-0.3760777849362457,0.40441176470588236,0.8508169745838629,-4.483906305991897,136,0.07631402919045474
AAPL,MacdSignal,-0.9288446172762026,-0.03557417310679626,0.008961123824829432,0.14225343064892765,-0.04249495668662862,-0.8371387072854685,3174.0,-0.9286211456505907,-0.4860022815909091,0.4340425531914894,0.8618336224882568,-2.649494164993691,235,0.10983050007458885
AAPL,MaEnvelope,0.719636113514397,0.028461302138924383,0.02046839564718665,0.324925707713597,0.034084428757500715,-0.8350235921926992,3219.0,1.1540534713109505,0.12808744775712813,0.38144329896907214,1.0666019667702744,10.778138229082773,97,0.25491199240641466
AAPL,MonthlyRotator,0.4805388637720627,0.018916366865450188,0.01892564703885853,0.30043533279483386,0.021449656050889075,-0.8818960462849061,3219.0,0.8299370320575913,0.06879959745328781,0.45,1.0631464747726487,30.84727404082355,20,0.21326545656848916
AAPL,Rsi2,0.9615527289942203,0.038209794009638524,0.017074327809280473,0.27104655112170245,0.08834010799922802,-0.43253053312966777,1103.0,1.4679934228740523,1.8317642287578546,0.7337278106508875,1.4996237994133632,9.560679764787542,169,0.1983934060217771
AAPL,RsiStochCombo,0.8863763399974418,0.03517056293358689,0.0147782885548457,0.23459805791564306,0.0525650157042739,-0.6690868910123293,2028.0,1.371639476466083,1.4001559934663244,0.6851851851851852,1.5027058074813868,13.206680905684372,108,0.12924319272192208
AAPL,SmaCross,-0.08537308629108573,-0.0033237765416733395,0.015051669878038562,0.2389378518811916,-0.0037911652019422403,-0.8767163562195985,2791.0,-0.18501082997821444,-0.01441257202980112,0.4666666666666667,0.9860132847748428,-5.455355734838763,15,0.19370639182380262
AAPL,TwelveMonthMomentum,0.3137948482938972,0.012312304966501868,0.01797766073350941,0.2853865167333416,0.013065333366887623,-0.9423643944444459,3219.0,0.5839567624223291,0.026913261801415993,0.390625,1.0247233349468765,5.75951461385729,64,0.23495500588464224
AAPL,VwapReversion,0.4042951299422073,0.01589132910914498,0.010103993069697163,0.16039591746683285,0.019177355636870213,-0.8286506966889874,5298.0,0.7222223259628523,0.6235833827662932,0.9,1.772925185485414,49.82460589874825,10,0.13079213890366229
NVDA,AdxBreakout,-0.7095954384138218,-0.027292876310559835,0.014505230046406751,0.23026338847544492,-0.029508887460193287,-0.9249036022580386,4124.0,-0.8619793988799934,-0.13192991066706955,0.4166666666666667,0.9242671447081561,-12.392412589491274,48,0.15312340572488353
NVDA,AtrChannelReversion,1.199798033833883,0.047900649451900694,0.018356642003448293,0.29140265788419994,0.058140777336772434,-0.8238735642360402,5710.0,1.7660378906222152,1.1610183131880147,0.6666666666666666,2.4872154680527956,193.28720326336497,12,0.31709126404363464
NVDA,AtrTrailingTrend,1.2948734856129622,0.0517931390004142,0.02605166710530564,0.413557394395684,0.0552812649196707,-0.9369022050359177,2901.0,1.8853342400480864,0.04963768661704723,0.29642857142857143,1.026437832235778,4.763743128017068,280,0.4201285659233842
NVDA,BollingerBreakout,0.6468338094813236,0.02554555195163607,0.020434540200892894,0.32438826916508673,0.028020474148780023,-0.9116745068622721,2699.0,1.0566045619402649,0.0338072776334584,0.47244094488188976,1.019906361411864,3.653916352869656,127,0.22263215592112964
NVDA,BuyAndHold,1.9018423721612188,0.07698616788592731,0.032766495446799396,0.5201519897241687,0.08006234250725754,-0.9615777589688764,4335.0,2.6579686354080536,0.0,,,,1,0.6039618003390569
NVDA,DonchianTurtle,2.1507395628009656,0.08749061279546996,0.03072350700546083,0.48772055364120076,0.09628538438697026,-0.9086593292689763,1317.0,2.989825345007374,0.08672357155278868,0.4794520547945205,1.0525879981165744,72.71524526516252,73,0.412837787143711
NVDA,EmaCross,1.2179466536281025,0.04864255905606716,0.02566913277740053,0.4074848501981911,0.052200818507937605,-0.931835178957407,1410.0,1.789180714416012,0.045709838187500934,0.38095238095238093,1.0237543811022718,12.875893020584071,105,0.3536627852575592
NVDA,GoldenCross,1.6682361431845343,0.06721938747305405,0.029507127706525766,0.46841113089174513,0.0752146568318848,-0.8937006469802649,2600.0,2.3629426999906173,0.6936876044299551,0.46153846153846156,2.38126651366454,342.2622938941422,13,0.35954175657027215
NVDA,IchimokuTrend,1.1323464261533356,0.04514784768929396,0.020261304286528753,0.32163823427977234,0.06030977966808338,-0.7485991150650267,2669.0,1.6828763909335138,0.5749946791928584,0.390625,1.2964407932367663,32.85826184484192,64,0.17382254434312838
NVDA,KeltnerBreakout,0.5029886672483579,0.01980879815964356,0.01927590798093913,0.30599555287518065,0.021899082977028705,-0.904549207855974,5447.0,0.8608484898752579,0.028541482931668343,0.416,1.0203470087361906,2.134940671520522,125,0.21169736561783528
NVDA,MacdSignal,-0.312903157804913,-0.012128204760932964,0.01620329307717005,0.2572193034149188,-0.013220453169841306,-0.9173819236847346,3922.0,-0.5322839273088704,-0.06643136887574651,0.3943089430894309,0.976463681844178,-1.2498739613353957,246,0.2310449906694849
NVDA,MaEnvelope,1.2828170104724708,0.051298734763673866,0.026860787382473442,0.42640178060043793,0.05640903061102608,-0.9094064231915142,1475.0,1.8705213067963904,0.054156104678133136,0.3333333333333333,1.0288276661189122,15.555808756014034,105,0.3626392093527815
NVDA,MonthlyRotator,1.2623870885135517,0.05046148806338942,0.02681336556711259,0.4256489826194538,0.056507012391362896,-0.8930128479257994,2637.0,1.8480233206341303,0.3042028135176918,0.4,1.4662388582491543,163.8065248739977,15,0.2921715154918843
NVDA,Rsi2,-0.9382379713585116,-0.03592739171159824,-0.00045349234621497905,-0.007198967817336229,-0.04316847899144682,-0.832259846790449,5996.0,-0.9302599113482244,-0.6469091008031378,0.625,0.7502672106871644,-4.475612209199972,136,0.011386728514156142
NVDA,RsiStochCombo,0.9925911597944272,0.039467216805637646,0.015384209966226973,0.24421676212702773,0.04753810951124634,-0.8302226826310937,5983.0,1.5062294747383553,1.3162647564326462,0.6846846846846847,1.4849837550256275,15.299251651718315,111,0.17711212369632476
NVDA,SmaCross,1.6682361431845343,0.06721938747305405,0.029507127706525766,0.46841113089174513,0.0752146568318848,-0.8937006469802649,2600.0,2.3629426999906173,0.6936876044299551,0.46153846153846156,2.38126651366454,342.2622938941422,13,0.35954175657027215
NVDA,TwelveMonthMomentum,-0.04415153845536879,-0.0017203055900648374,0.019103121832989758,0.30325265781035554,-0.0019269884836375377,-0.8927430571964036,4058.0,-0.09754591737845682,-0.07612274389000524,0.26153846153846155,0.9358323002168549,-2.5804952775460546,65,0.2410945522781013
NVDA,VwapReversion,1.2779537851080496,0.05109937250630567,0.018890892519323466,0.299883621901082,0.06082928271699949,-0.8400456198709264,5722.0,1.8644618159414543,1.2038964674732795,0.6923076923076923,2.470685360559008,199.17598094044112,13,0.3240638126392208
META,AdxBreakout,1.1494387325666269,0.09159783845108714,0.029832335786465942,0.47357364911496824,0.2839014842402214,-0.3226395194664859,1141.0,3.4077688152973784,1.418024923227385,0.4782608695652174,2.7366401703469743,89.35395408470507,23,0.49050864895194596
META,AtrChannelReversion,0.15271910972586744,0.011712604933534631,0.004676801087823422,0.07424191565818274,0.03083054892042499,-0.379902575324409,2591.0,0.6315406568548646,0.8677840194938469,0.6666666666666666,2.9665675313708335,54.99923215244487,3,0.056587537709173484
META,AtrTrailingTrend,1.6356551530456265,0.13282624537382723,0.033080393958003926,0.5251349741095324,0.18606670787385077,-0.7138635755509823,832.0,4.67944337133111,0.9193452762105381,0.3412698412698413,1.3149662464525516,23.508842381482058,126,0.6541848221870775
META,BollingerBreakout,1.129397148877395,0.08993100582362729,0.02967013266701491,0.47099875441929023,0.270266787136134,-0.33274900988233097,1165.0,3.355752903321411,1.2634386541525064,0.3880597014925373,1.6665960169646106,23.91096396402942,67,0.5117225135991139
META,BuyAndHold,2.8859381929270227,0.2461357084054896,0.04674267538469192,0.7420169680902914,0.323842540055239,-0.7600474859278998,594.0,8.289720033658636,0.0,,,,1,1.0348965754862112
META,DonchianTurtle,2.6219861482725038,0.2213068640192533,0.05261531224041379,0.8352421880528855,0.5267817873741055,-0.42011107696494343,640.0,7.476837437901277,1.8773939766478756,0.5714285714285714,3.919650988970246,307.9128144284625,35,1.117325555509823
META,EmaCross,2.262268472560414,0.1882643261076601,0.04635214550850811,0.735817498498752,0.5148537106073262,-0.3656656681867589,612.0,6.416518971003128,1.8004561547187063,0.391304347826087,3.2608990924658197,156.06221109809172,46,0.9477745549129664
META,GoldenCross,2.6332621534606075,0.22235736352609403,0.0523573008767275,0.8311463846304301,0.5931422454062136,-0.3748803347733435,855.0,7.512803015747789,1.52424070227904,0.5714285714285714,16.746354125271402,2107.6164063672154,7,1.031981933254142
META,IchimokuTrend,0.5940858761989147,0.046339543767031616,0.01983715679209837,0.3149051015429287,0.14872723506722949,-0.31157402842918885,1890.0,1.9557252768460636,1.003567762194049,0.47368421052631576,1.756136875820019,21.3519570393438,38,0.34367383820191333
META,KeltnerBreakout,1.397670609755875,0.11245550738327381,0.034369119497472296,0.5455928578234375,0.25614498124809926,-0.4390306881490316,767.0,4.051451419328712,1.2886115275893026,0.42028985507246375,1.6744401021653026,34.8738877935303,69,0.6087835470546746
META,MacdSignal,0.6237546655852618,0.04870924100300007,0.0172196281889471,0.27335312314170945,0.07132981593381646,-0.682873499185741,1223.0,2.03332500880708,0.7095990879226304,0.40441176470588236,1.1929282084107167,6.367064812771824,136,0.325729201500504
META,MaEnvelope,2.078699462935312,0.17174829540186504,0.04333533058264248,0.6879270462266628,0.3610192644274752,-0.47573166399924177,701.0,5.894441256137301,1.604358958625128,0.3695652173913043,2.570091590753213,125.81399564842962,46,0.8845905715949371
META,MonthlyRotator,2.1043022894104593,0.1740379780702737,0.04413754453234513,0.7006617978817433,0.33240903310091247,-0.5235657299885692,1484.0,5.965925149588298,1.487571027713423,0.6,5.544755773974287,745.1168773319373,10,0.8349117237210417
META,Rsi2,1.7700521808804772,0.14449458776587576,0.05554408539627071,0.8817350205544009,0.4704338577504567,-0.30715176083802076,405.0,5.043229635817582,3.025419849037634,0.75,2.5826911872362803,45.10333070067593,108,0.5742569587322377
META,RsiStochCombo,0.6610814188893492,0.05169821788797008,0.02022038136551536,0.3209886030482297,0.1593591448421695,-0.32441324869791677,689.0,2.1352368331181064,1.4112996654017287,0.7073170731707317,1.769958090563997,22.850872856708865,41,0.20860330088802326
META,SmaCross,2.6332621534606075,0.22235736352609403,0.0523573008767275,0.8311463846304301,0.5931422454062136,-0.3748803347733435,855.0,7.512803015747789,1.52424070227904,0.5714285714285714,16.746354125271402,2107.6164063672154,7,1.031981933254142
META,TwelveMonthMomentum,2.473664465181617,0.20757261041702507,0.049462445483579746,0.7851919799198518,0.4764205216052267,-0.4356920010868563,678.0,7.0338194215905485,1.1522641935383673,0.3181818181818182,3.6324759451542588,367.235648177054,22,0.9292513466206082
META,VwapReversion,0.15271910972586744,0.011712604933534631,0.004676801087823422,0.07424191565818274,0.03083054892042499,-0.379902575324409,2591.0,0.6315406568548646,0.8677840194938469,0.6666666666666666,2.9665675313708335,54.99923215244487,3,0.056587537709173484
BTC,AdxBreakout,0.10665535604297202,0.12008625421431807,0.033552496695483054,0.5326293727293878,0.948442917054513,-0.12661410829790187,138.0,6.7453099105367595,0.0,0.0,0.0,-13.07635038240922,2,0.5973781202668469
BTC,AtrChannelReversion,0.0,0.0,,,,-0.0,0.0,0.0,0.0,,,,0,inf
BTC,AtrTrailingTrend,1.9886454531568898,7.2855173195710305,0.07220805430382769,1.1462673260626517,19.742137223326797,-0.3690338709105239,139.0,237.73245029840945,0.873065104065732,0.2727272727272727,3.553665470727389,566.7010083446817,11,19.87985752547308
BTC,BollingerBreakout,2.0212375377417784,7.577684147440687,0.07222635833325841,1.1465578935218361,45.01653184549856,-0.16833114051184775,139.0,247.1736862750477,1.3181637937468296,0.5,15.925612563401561,2041.8612981927488,4,20.603039410889185
BTC,BuyAndHold,2.1579755905854383,8.920033756527971,0.07573154358202557,1.202200984326536,31.939679412577867,-0.2792774981021023,103.0,291.1782762383404,0.0,,,,1,15.644276955510023
BTC,DonchianTurtle,2.191336378409231,9.278235016226905,0.07564904005874618,1.2008912814972326,72.63364407095982,-0.12774018342192062,98.0,302.92694153344405,0.0,0.5,,6161.134325744308,2,22.639491783705584
BTC,EmaCross,2.207488202298475,9.456278856455393,0.07574768203380056,1.2024571743061894,73.9261651306654,-0.1279151818539661,98.0,308.5303329131465,0.0,0.5,,6277.738859180036,2,22.876518539205172
BTC,GoldenCross,0.0,0.0,,,,-0.0,0.0,0.0,0.0,,,,0,inf
BTC,IchimokuTrend,-0.0005967443324267883,-0.0006343117002822928,-0.004780219715097129,-0.07588363547037019,-0.006549020810229021,-0.09685596040427161,111.0,-0.04386310727007225,-5.892199843984638,0.0,0.0,-37.55859862172372,3,0.018578629649505074
BTC,KeltnerBreakout,1.8398591151667951,6.073149783351526,0.06977766219201795,1.1076860473653216,34.847467935148735,-0.17427807939026388,139.0,198.96112373096693,1.0865031538273713,0.42857142857142855,9.397623161995662,823.9315898176419,7,19.353970160886114
BTC,MacdSignal,2.10138784985511,8.340754969801864,0.07410632958260027,1.176401511908096,74.80658225955479,-0.11149760780224026,70.0,272.6993498551372,1.4218642420656273,0.6,18.585553495282777,1636.2484237320514,5,17.918024670393898
BTC,MaEnvelope,2.2381540318231528,9.802843108717894,0.07574648443934988,1.2024381630836614,76.37769015958752,-0.1283469438292167,95.0,319.3881385541034,0.0,0.5,,6504.373975044564,2,21.867888510580784
BTC,MonthlyRotator,0.0,0.0,,,,-0.0,0.0,0.0,0.0,,,,0,inf
BTC,Rsi2,0.007919497559752634,0.00845628566978637,-0.003762222659576902,-0.059723433204555004,0.6932035861268097,-0.012198848706243475,26.0,0.6214751831462663,0.0,1.0,,7.950939727803062,1,
BTC,RsiStochCombo,0.09815831787125867,0.11001204835061994,0.06978796747258151,1.1078496386226933,2.3194750303564673,-0.047429718755675844,88.0,6.323649435123681,2.540365798897392,1.0,,34.37913921736166,3,0.6609687094912332
BTC,SmaCross,0.0,0.0,,,,-0.0,0.0,0.0,0.0,,,,0,inf
BTC,TwelveMonthMomentum,0.0,0.0,,,,-0.0,0.0,0.0,0.0,,,,0,inf
BTC,VwapReversion,0.0,0.0,,,,-0.0,0.0,0.0,0.0,,,,0,inf
IBM,AdxBreakout,-0.2788310930524624,-0.010814731656048395,-0.0071724264456939964,-0.1138587400332554,-0.01924290165833391,-0.5620114808082824,3626.0,-0.49563488397854893,-0.537955949015038,0.36,0.8130498231500423,-4.593964886275687,50,-0.02366136765528048
IBM,AtrChannelReversion,1.0195524923976789,0.04056070492872807,0.017213802817695238,0.2732606482399471,0.09250923348531627,-0.4384503405832041,2461.0,1.541158194478158,3.8996394812398605,0.8235294117647058,11.968807111765278,104.23258916867742,17,0.23314785817687325
IBM,AtrTrailingTrend,0.13654594481167284,0.005339114035956231,0.004380118972380455,0.06953223308276686,0.010645350025602771,-0.5015442444931645,6418.0,0.29176715421021393,-0.08267864822551944,0.2808219178082192,0.985346108109699,-0.18461059213690273,292,0.14822351346519086
IBM,BollingerBreakout,-0.23120842450173243,-0.008975957918359726,-0.0067756120375963525,-0.10755950659041344,-0.018803231909094203,-0.4773625067092054,4519.0,-0.4314571272050577,-0.5488108990691681,0.3790322580645161,0.8812660486830658,-1.6647254151479105,124,-0.015626324226751382
IBM,BuyAndHold,1.0415672746909033,0.04145442567834931,0.015608525100516055,0.24777765449084957,0.07314962432397337,-0.5667072942815295,2895.0,1.5688904886643649,0.0,,,,1,0.38579240759962197
IBM,DonchianTurtle,-0.08235549191987179,-0.0032064830000929747,-0.00014695220537793522,-0.0023327939402550306,-0.005898677094612635,-0.5435935801641882,3100.0,-0.1850949535227863,-0.34318849613864355,0.4268292682926829,0.9076916137308297,-2.067912557911411,82,0.06079003373741085
IBM,EmaCross,0.0734229814111072,0.0028673948892514014,0.0019193425481588112,0.030468618379039362,0.004410828373279334,-0.6500808117182689,3336.0,0.16991694553293415,-0.08317253589882315,0.34285714285714286,0.9789898093676271,-0.503536014687887,105,0.09538219441663529
IBM,GoldenCross,-0.571840392252729,-0.02205337140745034,-0.007569392581016281,-0.12016038207111848,-0.029891310973421046,-0.7377853526417728,3336.0,-0.7835435319301457,-1.288028407167034,0.20833333333333334,0.48840095246523846,-30.628025345913077,24,-0.05476402390459932
IBM,IchimokuTrend,-0.47052548887373835,-0.018181862110249115,-0.020420492116243052,-0.32416526273480517,-0.03591105512071466,-0.5063026427135311,3515.0,-0.7034590321420997,-1.3186680891729377,0.30612244897959184,0.6226128945983711,-7.659715860751915,49,-0.10463777120959539
IBM,KeltnerBreakout,0.13741169963857097,0.005373056894929062,0.0012953534377838176,0.02056309833785136,0.010592057330508017,-0.5072722632885672,3336.0,0.29442568804000036,0.09073808704887346,0.44166666666666665,1.0227692063320404,0.4051104348970105,120,0.08124121578725502
IBM,MacdSignal,1.7041210357478802,0.06871391134796909,0.02699447835824603,0.4285240590470049,0.1736584100306393,-0.39568432842294016,2088.0,2.4090999334636067,2.4041158376173537,0.405982905982906,1.6082278707789974,19.216035343485437,234,0.5040372549624477
IBM,MaEnvelope,-0.12243143277666325,-0.00476310510889092,-0.0009315321913705414,-0.014787615099704887,-0.00827762854919344,-0.5754190443052715,3893.0,-0.2594125459160678,-0.4150726529392518,0.35526315789473684,0.8882628715837922,-2.669392168018522,76,0.04889321557525801
IBM,MonthlyRotator,0.13094764592611002,0.005119654305418631,0.0018065446032850478,0.028678006515828455,0.009390414825995218,-0.5452000151522634,3336.0,0.2825430262673821,-0.837479637726641,0.3333333333333333,0.6038832213438816,-17.830113334247784,24,0.08632178292142736
IBM,Rsi2,-0.13180188496870604,-0.005126719661327217,-0.00789709555745334,-0.12536250554840717,-0.010426055729168174,-0.49172187397623324,2158.0,-0.2769684497586796,-0.27620040006765534,0.6554054054054054,0.9209744809795829,-0.8062444866044293,148,-0.006157854717094366
IBM,RsiStochCombo,-0.24352807537225687,-0.00945196329443534,-0.00399505886630019,-0.06341959339976366,-0.01732105646586882,-0.5456920779087843,3450.0,-0.44853018167417574,-0.374418814042828,0.6666666666666666,0.8977462774588484,-1.8011877613907221,120,0.003498964862155415
IBM,SmaCross,-0.571840392252729,-0.02205337140745034,-0.007569392581016281,-0.12016038207111848,-0.029891310973421046,-0.7377853526417728,3336.0,-0.7835435319301457,-1.288028407167034,0.20833333333333334,0.48840095246523846,-30.628025345913077,24,-0.05476402390459932
IBM,TwelveMonthMomentum,0.10844844509340161,0.004238142906901728,0.0020476606017692275,0.03250560433047746,0.007207880700004127,-0.5879873826018376,3200.0,0.23991684724976278,-0.8414408052612802,0.3333333333333333,0.6958028491792372,-4.965382930947409,90,0.09791877680735675
IBM,VwapReversion,0.9030446363213127,0.035843660267388,0.015756695874106857,0.2501297926017855,0.08174580868533345,-0.4384770405215766,2465.0,1.3928652619530688,4.5159231073448405,0.8571428571428571,18.788460206303768,104.79307998077226,14,0.22442825381758236
KO,AdxBreakout,-0.08846842625149148,-0.003444077705253738,-0.007170492573752738,-0.11382804076791131,-0.008876851974375316,-0.38798413167142004,3309.0,-0.19850537328419493,-0.24686053508374442,0.5,0.9098843069932101,-2.0159045061318133,42,0.0018488583672545125
KO,AtrChannelReversion,1.0519770644046316,0.04187729284707273,0.018475973960064864,0.2932969939682211,0.1722275218749917,-0.2431509923104428,1248.0,1.582587621184753,4.387118912373619,0.9444444444444444,48.84505366469549,103.51702594566525,18,0.36532688526276175
KO,AtrTrailingTrend,-0.8585037381492848,-0.03292502643822384,-0.008563115501381871,-0.13593524438747165,-0.04801264357135782,-0.6857574169872501,6201.0,-0.9174704014287234,-0.8788842358173318,0.3004115226337449,0.8010064065500396,-2.38660542398997,243,-0.07437229947305547
KO,BollingerBreakout,-1.3327034213353457,-0.05064428686435108,-0.02554809697642407,-0.40556346642347574,-0.06597470921963002,-0.767631831400061,6405.0,-0.8537247019825824,-1.6553225254658708,0.3333333333333333,0.506909932338225,-5.707261756411772,129,-0.15732240725805974
KO,BuyAndHold,0.16554749596047086,0.006476775390829495,0.006442361476337557,0.10226931793423262,0.012126794800899966,-0.5340879842667771,3255.0,0.3434220225841917,0.0,,,,1,0.16059335727049096
KO,DonchianTurtle,-1.0296885853466782,-0.039359458811868274,-0.01434781830898257,-0.22776455461144304,-0.05356382770074901,-0.7348141553990902,6263.0,-0.9345827479433572,-1.0960976332554921,0.4050632911392405,0.6346606663471308,-8.137744872393572,79,-0.11437224812422656
KO,EmaCross,-1.2418380506226585,-0.04727428108379545,-0.017772011474077868,-0.2821219359467788,-0.06088289361784949,-0.7764788805953813,6263.0,-0.8927915325568468,-1.4651737969936032,0.30578512396694213,0.6055710048069156,-5.877249556777743,121,-0.1576429238497237
KO,GoldenCross,-0.3290180783482195,-0.012748824930224955,-0.0032092437207775332,-0.050945164690637784,-0.020174783623569104,-0.6319187936831796,3255.0,-0.5572695837292274,-0.43242766854042497,0.5263157894736842,0.6894388562190636,-16.24964648564573,19,0.008695522138181814
KO,IchimokuTrend,-0.3571092009886657,-0.013829742271793219,-0.02122177105926618,-0.3368851716189965,-0.04271590438499856,-0.3237609614242441,6182.0,-0.5900955274793795,-1.3074336874082844,0.296875,0.6494372886833354,-4.692248655340491,64,-0.11892329464859946
KO,KeltnerBreakout,-1.309074053636675,-0.0497690718328003,-0.02435404371500905,-0.38660845853225734,-0.06565156495671565,-0.7580789866260348,6438.0,-0.865143259430035,-1.7836655429919388,0.3387096774193548,0.47743057380219694,-5.886532169443,124,-0.15099492601953007
KO,MacdSignal,-0.8442987432101167,-0.03238916178575406,-0.016953723451526966,-0.2691320162958238,-0.04692995875125926,-0.6901596048150154,6405.0,-0.9141040062464292,-1.8891032533313286,0.35766423357664234,0.7167002884556216,-2.080807686608332,274,-0.18731064324515262
KO,MaEnvelope,-1.0693538243536578,-0.040844261434942124,-0.015146926011835288,-0.2404499961264694,-0.05544813154258279,-0.7366210600545618,6263.0,-0.9321238397223388,-1.3708841839982735,0.3333333333333333,0.5843245430927816,-9.518402423261241,69,-0.1251391448198545
KO,MonthlyRotator,-0.48909690542706363,-0.01889267028434498,-0.006617984168744035,-0.10505724174635542,-0.028795914626654394,-0.6560885642735353,3255.0,-0.7193660650630639,-0.44649136184937177,0.4444444444444444,0.6708898738479491,-14.152156941863662,27,-0.023262252450582867
KO,Rsi2,-0.16271456139253868,-0.006325325021663914,-0.01181152422179387,-0.1875021341728938,-0.019486757240356842,-0.3245960804891766,6189.0,-0.32853253189065024,-0.5669510252692582,0.5911949685534591,0.8676084610397189,-0.9877180693430492,159,-0.025314316644234697
KO,RsiStochCombo,0.6051482100542287,0.023879756615746456,0.011387894351818523,0.18077721846953343,0.0900229777962183,-0.26526290509743167,2156.0,1.0039621551088056,1.559753082922069,0.7142857142857143,1.5514339044024597,6.987593604947865,119,0.1689113843817955
KO,SmaCross,-0.3290180783482195,-0.012748824930224955,-0.0032092437207775332,-0.050945164690637784,-0.020174783623569104,-0.6319187936831796,3255.0,-0.5572695837292274,-0.43242766854042497,0.5263157894736842,0.6894388562190636,-16.24964648564573,19,0.008695522138181814
KO,TwelveMonthMomentum,-1.3447807418660218,-0.051091310904733955,-0.018591691126475733,-0.29513394703668655,-0.06471210936626925,-0.7895170070188587,6201.0,-0.8472841842957456,-3.2242671354271306,0.2543859649122807,0.2162772093321469,-6.766630080151292,114,-0.16782430923806874
KO,VwapReversion,1.0518296633981132,0.04187130391536396,0.018732134171439128,0.29736341125873733,0.17220289137008685,-0.24315099231044254,1248.0,1.5825588839147655,3.7310032062212497,0.875,43.78738568580523,116.430277741928,16,0.37538264264137994
